<?xml version="1.0" encoding="UTF-8"?>
<!DOCTYPE mapper PUBLIC "-//mybatis.org//DTD Mapper 3.0//EN" "http://mybatis.org/dtd/mybatis-3-mapper.dtd">
<mapper namespace="com.example.demo">
	<select id="getToday" resultType="string" parameterType="string">
		SELECT to_char(sysdate, 'YYYY-MM-DD') FROM dual
	</select>
	<select id="login" parameterType="map" resultType="string">
		select mem_name from book_member
		<where>
			<if test='mem_id!=null and mem_id.length()>0'>
				AND mem_id = #{mem_id}
			</if>
			<if test='mem_pw!=null and mem_pw.length()>0'>
				AND mem_pw = #{mem_pw}
			</if>
		</where>
	</select>
	<select id="memberList" parameterType="map" resultType="map">
		select mem_id, mem_name from book_member
		<where>
			<if test='mem_id!=null and mem_id.length()>0'>
				AND mem_id = #{mem_id}
			</if>
		</where>
	</select>
</mapper>